seed,network,n_outskirts,osm_inner_km,osm_outer_km,osm_cache_dir,fleet_size,capacity,service_end_time,placement,intensity,base_rate,structural_zero_prob,announce_lead_min,arrival_buffer_min,dispatcher,n_regions,rebalance_interval_min,forecast_lookahead_min,collect_to,scorer_path,scorer_mode,scorer_top_k,scorer_filter_logit_threshold,assignment_rate,n_assigned,n_requests,mean_wall_ms,median_wall_ms,p95_wall_ms,max_wall_ms,total_wall_s,n_active,mean_route_length,total_deployment_min,runtime_s
11,memphis_osm,25,8.0,40.0,data/osm_cache,60,6,1440.0,hubs,1.0,0.4,0.4,90.0,15.0,monolithic,5,30.0,60.0,,,rank,3,-2.0,0.9855072463768116,68,69,1.531862324792082,1.50395801756531,2.7954163728281856,2.9217919800430536,0.10569850041065365,38,2.2666666666666666,76780.03901754507,0.11793875007424504
11,memphis_osm,25,8.0,40.0,data/osm_cache,60,6,1440.0,hubs,1.0,0.4,0.4,90.0,15.0,monolithic,5,30.0,60.0,,/Users/jose/Developer/git/hierarchical_coordination/outputs/learning/scorer.pt,filter,3,-4.0,0.9855072463768116,68,69,0.6737971300448197,0.5170839140191674,1.01944119669497,6.4315419876948,0.046492001973092556,40,2.2666666666666666,76858.51692405938,0.8077722500311211
11,memphis_osm,25,8.0,40.0,data/osm_cache,60,6,1440.0,hubs,1.0,0.4,0.4,90.0,15.0,hierarchical,5,30.0,60.0,,,rank,3,-2.0,0.9710144927536232,67,69,0.38826203419138555,0.27724995743483305,0.9600590681657194,1.1409580474719405,0.026790080359205604,35,2.2333333333333334,76568.76265902244,0.030252750031650066
11,memphis_osm,25,8.0,40.0,data/osm_cache,60,6,1440.0,hubs,1.0,0.4,0.4,90.0,15.0,hierarchical,5,30.0,60.0,,/Users/jose/Developer/git/hierarchical_coordination/outputs/learning/scorer.pt,filter,3,-4.0,0.9710144927536232,67,69,0.2908049525855028,0.21895905956625938,0.66805041860789,0.9282920509576797,0.020065541728399694,39,2.2333333333333334,76677.63989149191,0.024443292059004307
11,memphis_osm,25,8.0,40.0,data/osm_cache,60,6,1440.0,hubs,1.0,0.4,0.4,90.0,15.0,hierarchical,5,30.0,60.0,,/Users/jose/Developer/git/hierarchical_coordination/outputs/learning/scorer.pt,stacked,5,-4.0,0.9420289855072463,65,69,0.2843012824060692,0.21441595163196325,0.3454745979979634,4.505292046815157,0.019616788486018777,48,2.1666666666666665,76969.13988765671,0.023754207999445498
11,memphis_osm,25,8.0,40.0,data/osm_cache,60,6,1440.0,hubs,3.0,0.4,0.4,90.0,15.0,monolithic,5,30.0,60.0,,,rank,3,-2.0,0.5509259259259259,119,216,3.2301906176144257,3.5728750517591834,5.033728928538039,7.715667015872896,0.697721173404716,60,3.966666666666667,78548.76318363911,0.7015989170176908
11,memphis_osm,25,8.0,40.0,data/osm_cache,60,6,1440.0,hubs,3.0,0.4,0.4,90.0,15.0,monolithic,5,30.0,60.0,,/Users/jose/Developer/git/hierarchical_coordination/outputs/learning/scorer.pt,filter,3,-4.0,0.5601851851851852,121,216,2.6711357985968114,1.2061040033586323,5.479562445543706,10.608165990561247,0.5769653324969113,60,4.033333333333333,78567.02183965578,0.5815479580778629
11,memphis_osm,25,8.0,40.0,data/osm_cache,60,6,1440.0,hubs,3.0,0.4,0.4,90.0,15.0,hierarchical,5,30.0,60.0,,,rank,3,-2.0,0.8009259259259259,173,216,1.1101195947655167,1.0570830199867487,2.641655708430335,2.991583081893623,0.2397858324693516,60,5.766666666666667,78487.48856810888,0.24385795800480992
11,memphis_osm,25,8.0,40.0,data/osm_cache,60,6,1440.0,hubs,3.0,0.4,0.4,90.0,15.0,hierarchical,5,30.0,60.0,,/Users/jose/Developer/git/hierarchical_coordination/outputs/learning/scorer.pt,filter,3,-4.0,0.7592592592592593,164,216,0.7483283363938056,0.4418955068103969,2.088916953653097,3.043042030185461,0.161638920661062,60,5.466666666666667,78417.32791311655,0.16625799995381385
11,memphis_osm,25,8.0,40.0,data/osm_cache,60,6,1440.0,hubs,3.0,0.4,0.4,90.0,15.0,hierarchical,5,30.0,60.0,,/Users/jose/Developer/git/hierarchical_coordination/outputs/learning/scorer.pt,stacked,5,-4.0,0.6527777777777778,141,216,0.668832935776596,0.36231253761798143,1.9954684539698064,2.113417023792863,0.14446791412774473,60,4.7,78272.8547901843,0.1488764169625938
11,memphis_osm,25,8.0,40.0,data/osm_cache,60,6,1440.0,hubs,5.0,0.4,0.4,90.0,15.0,monolithic,5,30.0,60.0,,,rank,3,-2.0,0.39267015706806285,150,382,5.954867130735431,7.285936968401074,7.537706871517003,7.6420420082286,2.2747592439409345,60,5.0,78651.579931887,2.279153584036976
11,memphis_osm,25,8.0,40.0,data/osm_cache,60,6,1440.0,hubs,5.0,0.4,0.4,90.0,15.0,monolithic,5,30.0,60.0,,/Users/jose/Developer/git/hierarchical_coordination/outputs/learning/scorer.pt,filter,3,-4.0,0.39267015706806285,150,382,5.1504445154980525,7.721166533883661,8.15677500795573,9.08433401491493,1.9674698049202561,60,5.0,78651.579931887,1.972561041940935
11,memphis_osm,25,8.0,40.0,data/osm_cache,60,6,1440.0,hubs,5.0,0.4,0.4,90.0,15.0,hierarchical,5,30.0,60.0,,,rank,3,-2.0,0.5209424083769634,199,382,1.9889858100899733,1.2354374630376697,4.597041377564892,4.834124934859574,0.7597925794543698,60,6.633333333333334,78682.40627695213,0.7642148330342025
11,memphis_osm,25,8.0,40.0,data/osm_cache,60,6,1440.0,hubs,5.0,0.4,0.4,90.0,15.0,hierarchical,5,30.0,60.0,,/Users/jose/Developer/git/hierarchical_coordination/outputs/learning/scorer.pt,filter,3,-4.0,0.5078534031413613,194,382,1.5461524879603759,1.0416459990665317,4.6763437043409795,4.9693339969962835,0.5906302504008636,60,6.466666666666667,78725.15515345275,0.5954103749245405
11,memphis_osm,25,8.0,40.0,data/osm_cache,60,6,1440.0,hubs,5.0,0.4,0.4,90.0,15.0,hierarchical,5,30.0,60.0,,/Users/jose/Developer/git/hierarchical_coordination/outputs/learning/scorer.pt,stacked,5,-4.0,0.48429319371727747,185,382,1.3263077997475745,0.8455835049971938,4.242370824795216,4.803249961696565,0.5066495795035735,60,6.166666666666667,78424.63287501462,0.5115364590892568
11,memphis_osm,25,8.0,40.0,data/osm_cache,120,6,1440.0,hubs,1.0,0.4,0.4,90.0,15.0,monolithic,5,30.0,60.0,,,rank,3,-2.0,0.9855072463768116,68,69,1.8161467674687721,1.808334025554359,3.074383223429322,3.183166030794382,0.12531412695534527,38,1.1333333333333333,151164.4210422168,0.12858766701538116
11,memphis_osm,25,8.0,40.0,data/osm_cache,120,6,1440.0,hubs,1.0,0.4,0.4,90.0,15.0,monolithic,5,30.0,60.0,,/Users/jose/Developer/git/hierarchical_coordination/outputs/learning/scorer.pt,filter,3,-4.0,0.9855072463768116,68,69,1.0146841599160563,0.9605409577488899,1.3817745493724942,2.957666991278529,0.07001320703420788,40,1.1333333333333333,151242.8989487311,0.0737796250032261
11,memphis_osm,25,8.0,40.0,data/osm_cache,120,6,1440.0,hubs,1.0,0.4,0.4,90.0,15.0,hierarchical,5,30.0,60.0,,,rank,3,-2.0,0.9855072463768116,68,69,0.4854462568418703,0.3683330724015832,1.0864249430596828,1.1297919554635882,0.03349579172208905,36,1.1333333333333333,151065.79183032498,0.03760275000240654
11,memphis_osm,25,8.0,40.0,data/osm_cache,120,6,1440.0,hubs,1.0,0.4,0.4,90.0,15.0,hierarchical,5,30.0,60.0,,/Users/jose/Developer/git/hierarchical_coordination/outputs/learning/scorer.pt,filter,3,-4.0,0.9855072463768116,68,69,0.365972193295433,0.3182908985763788,0.6948416586965321,0.9329579770565033,0.02525208133738488,41,1.1333333333333333,151233.15893805178,0.02973395900335163
11,memphis_osm,25,8.0,40.0,data/osm_cache,120,6,1440.0,hubs,1.0,0.4,0.4,90.0,15.0,hierarchical,5,30.0,60.0,,/Users/jose/Developer/git/hierarchical_coordination/outputs/learning/scorer.pt,stacked,5,-4.0,0.9855072463768116,68,69,0.2866956570685126,0.2761669456958771,0.41111684404313564,0.6904170149937272,0.019782000337727368,53,1.1333333333333333,151940.67487860523,0.024271958973258734
11,memphis_osm,25,8.0,40.0,data/osm_cache,120,6,1440.0,hubs,3.0,0.4,0.4,90.0,15.0,monolithic,5,30.0,60.0,,,rank,3,-2.0,0.9768518518518519,211,216,4.15043212867911,3.6955835530534387,8.242906507803127,8.829999947920442,0.8964933397946879,97,3.5166666666666666,155348.9732213256,0.900254208012484
11,memphis_osm,25,8.0,40.0,data/osm_cache,120,6,1440.0,hubs,3.0,0.4,0.4,90.0,15.0,monolithic,5,30.0,60.0,,/Users/jose/Developer/git/hierarchical_coordination/outputs/learning/scorer.pt,filter,3,-4.0,0.9814814814814815,212,216,1.1739633827582348,1.0307710035704076,1.968635304365307,7.156083011068404,0.2535760906757787,101,3.533333333333333,155541.5578213937,0.2580624590627849
11,memphis_osm,25,8.0,40.0,data/osm_cache,120,6,1440.0,hubs,3.0,0.4,0.4,90.0,15.0,hierarchical,5,30.0,60.0,,,rank,3,-2.0,0.9537037037037037,206,216,1.1545817757939436,1.0639165411703289,2.6754687423817813,3.4102079225704074,0.24938966357149184,78,3.433333333333333,153989.2906659561,0.2537672910839319
11,memphis_osm,25,8.0,40.0,data/osm_cache,120,6,1440.0,hubs,3.0,0.4,0.4,90.0,15.0,hierarchical,5,30.0,60.0,,/Users/jose/Developer/git/hierarchical_coordination/outputs/learning/scorer.pt,filter,3,-4.0,0.9537037037037037,206,216,0.5120513384032098,0.3875000402331352,1.197812263853848,1.9456669688224792,0.11060308909509331,80,3.433333333333333,154015.06444420788,0.11535275005735457
11,memphis_osm,25,8.0,40.0,data/osm_cache,120,6,1440.0,hubs,3.0,0.4,0.4,90.0,15.0,hierarchical,5,30.0,60.0,,/Users/jose/Developer/git/hierarchical_coordination/outputs/learning/scorer.pt,stacked,5,-4.0,0.9490740740740741,205,216,0.3520781777937103,0.2838129294104874,0.8802078082226217,1.252042013220489,0.07604888640344143,116,3.4166666666666665,155364.8748500078,0.08075766696128994
11,memphis_osm,25,8.0,40.0,data/osm_cache,120,6,1440.0,hubs,5.0,0.4,0.4,90.0,15.0,monolithic,5,30.0,60.0,,,rank,3,-2.0,0.8350785340314136,319,382,9.899208600710862,10.288021003361791,16.141637839609757,17.88829208817333,3.7814976854715496,120,5.316666666666666,157365.9420787059,3.7865178750362247
11,memphis_osm,25,8.0,40.0,data/osm_cache,120,6,1440.0,hubs,5.0,0.4,0.4,90.0,15.0,monolithic,5,30.0,60.0,,/Users/jose/Developer/git/hierarchical_coordination/outputs/learning/scorer.pt,filter,3,-4.0,0.8350785340314136,319,382,4.1574544126426325,1.3119374634698033,17.450194008415565,18.206542008556426,1.5881475856294855,120,5.316666666666666,157272.28358226834,1.5931424589361995
11,memphis_osm,25,8.0,40.0,data/osm_cache,120,6,1440.0,hubs,5.0,0.4,0.4,90.0,15.0,hierarchical,5,30.0,60.0,,,rank,3,-2.0,0.900523560209424,344,382,2.543550714879682,2.346249995753169,5.399522907100618,6.6759999608621,0.9716363730840385,110,5.733333333333333,156456.0313130509,0.9766480419784784
11,memphis_osm,25,8.0,40.0,data/osm_cache,120,6,1440.0,hubs,5.0,0.4,0.4,90.0,15.0,hierarchical,5,30.0,60.0,,/Users/jose/Developer/git/hierarchical_coordination/outputs/learning/scorer.pt,filter,3,-4.0,0.8795811518324608,336,382,1.059683803798075,0.5132919759489596,5.1003659958951175,5.430166958831251,0.40479921305086464,114,5.6,156687.27583584393,0.41046916600316763
11,memphis_osm,25,8.0,40.0,data/osm_cache,120,6,1440.0,hubs,5.0,0.4,0.4,90.0,15.0,hierarchical,5,30.0,60.0,,/Users/jose/Developer/git/hierarchical_coordination/outputs/learning/scorer.pt,stacked,5,-4.0,0.7120418848167539,272,382,1.006233865207461,0.4627914750017226,3.1697271217126395,3.593083005398512,0.3843813365092501,120,4.533333333333333,156022.69328666708,0.3901337080169469
11,memphis_osm,25,8.0,40.0,data/osm_cache,240,6,1440.0,hubs,1.0,0.4,0.4,90.0,15.0,monolithic,5,30.0,60.0,,,rank,3,-2.0,0.9855072463768116,68,69,2.5005169867443433,2.5073339929804206,3.740766947157681,3.855041926726699,0.1725356720853597,38,0.5666666666666667,299933.1850915603,0.1760807919781655
11,memphis_osm,25,8.0,40.0,data/osm_cache,240,6,1440.0,hubs,1.0,0.4,0.4,90.0,15.0,monolithic,5,30.0,60.0,,/Users/jose/Developer/git/hierarchical_coordination/outputs/learning/scorer.pt,filter,3,-4.0,0.9855072463768116,68,69,1.9328170405376865,1.9091670401394367,2.352633560076356,3.5778749734163284,0.13336437579710037,40,0.5666666666666667,300011.6629980746,0.1373442499898374
11,memphis_osm,25,8.0,40.0,data/osm_cache,240,6,1440.0,hubs,1.0,0.4,0.4,90.0,15.0,hierarchical,5,30.0,60.0,,,rank,3,-2.0,0.9855072463768116,68,69,0.6672023353504314,0.5164169706404209,1.2957829283550382,1.4071670593693852,0.046036961139179766,36,0.5666666666666667,300079.17552488146,0.052284291945397854
11,memphis_osm,25,8.0,40.0,data/osm_cache,240,6,1440.0,hubs,1.0,0.4,0.4,90.0,15.0,hierarchical,5,30.0,60.0,,/Users/jose/Developer/git/hierarchical_coordination/outputs/learning/scorer.pt,filter,3,-4.0,0.9855072463768116,68,69,0.6030331757189571,0.5776670295745134,0.9492998011410236,1.1766250245273113,0.04160928912460804,41,0.5666666666666667,300256.7453428297,0.04833787493407726
11,memphis_osm,25,8.0,40.0,data/osm_cache,240,6,1440.0,hubs,1.0,0.4,0.4,90.0,15.0,hierarchical,5,30.0,60.0,,/Users/jose/Developer/git/hierarchical_coordination/outputs/learning/scorer.pt,stacked,5,-4.0,0.9855072463768116,68,69,0.438664267109572,0.429708044975996,0.6339249899610876,0.8892499608919024,0.03026783443056047,53,0.5666666666666667,301075.4885295736,0.037031458923593163
11,memphis_osm,25,8.0,40.0,data/osm_cache,240,6,1440.0,hubs,3.0,0.4,0.4,90.0,15.0,monolithic,5,30.0,60.0,,,rank,3,-2.0,0.9861111111111112,213,216,4.979502904461697,4.502395575400442,9.302698483224958,10.25779196061194,1.0755726273637265,99,1.775,304166.9239316282,1.0797613329486921
11,memphis_osm,25,8.0,40.0,data/osm_cache,240,6,1440.0,hubs,3.0,0.4,0.4,90.0,15.0,monolithic,5,30.0,60.0,,/Users/jose/Developer/git/hierarchical_coordination/outputs/learning/scorer.pt,filter,3,-4.0,0.9861111111111112,213,216,2.0070871967753328,1.95704196812585,2.799416775815189,3.5510839661583304,0.43353083450347185,102,1.775,304356.9422584884,0.4381497499998659
11,memphis_osm,25,8.0,40.0,data/osm_cache,240,6,1440.0,hubs,3.0,0.4,0.4,90.0,15.0,hierarchical,5,30.0,60.0,,,rank,3,-2.0,0.9861111111111112,213,216,1.280742612262084,1.2281875242479146,2.64323950977996,3.592457971535623,0.27664040424861014,82,1.775,303208.30961020914,0.28199845796916634
11,memphis_osm,25,8.0,40.0,data/osm_cache,240,6,1440.0,hubs,3.0,0.4,0.4,90.0,15.0,hierarchical,5,30.0,60.0,,/Users/jose/Developer/git/hierarchical_coordination/outputs/learning/scorer.pt,filter,3,-4.0,0.9861111111111112,213,216,0.689689425160867,0.5949999904260039,1.367374527035281,2.105040941387415,0.14897291583474725,88,1.775,303545.45322808204,0.15490579104516655
11,memphis_osm,25,8.0,40.0,data/osm_cache,240,6,1440.0,hubs,3.0,0.4,0.4,90.0,15.0,hierarchical,5,30.0,60.0,,/Users/jose/Developer/git/hierarchical_coordination/outputs/learning/scorer.pt,stacked,5,-4.0,0.9537037037037037,206,216,0.4270528173677761,0.40764600271359086,0.5964898155070841,1.0227500461041927,0.09224340855143964,132,1.7166666666666666,305231.0997037202,0.09803754196036607
11,memphis_osm,25,8.0,40.0,data/osm_cache,240,6,1440.0,hubs,5.0,0.4,0.4,90.0,15.0,monolithic,5,30.0,60.0,,,rank,3,-2.0,0.9842931937172775,376,382,10.129517249346112,10.72047947673127,17.697818705346435,18.599709030240774,3.8694755892502144,156,3.1333333333333333,308500.81719026575,3.874133375007659
11,memphis_osm,25,8.0,40.0,data/osm_cache,240,6,1440.0,hubs,5.0,0.4,0.4,90.0,15.0,monolithic,5,30.0,60.0,,/Users/jose/Developer/git/hierarchical_coordination/outputs/learning/scorer.pt,filter,3,-4.0,0.9842931937172775,376,382,2.243999931815017,1.9721880089491606,3.372233576374128,13.860207982361317,0.8572079739533365,158,3.1333333333333333,308603.22818512516,0.8623676670249552
11,memphis_osm,25,8.0,40.0,data/osm_cache,240,6,1440.0,hubs,5.0,0.4,0.4,90.0,15.0,hierarchical,5,30.0,60.0,,,rank,3,-2.0,0.9842931937172775,376,382,2.4859401429710783,2.299333515111357,5.311016726773232,6.247667013667524,0.9496291346149519,133,3.1333333333333333,307147.25073346344,0.9555817910004407
11,memphis_osm,25,8.0,40.0,data/osm_cache,240,6,1440.0,hubs,5.0,0.4,0.4,90.0,15.0,hierarchical,5,30.0,60.0,,/Users/jose/Developer/git/hierarchical_coordination/outputs/learning/scorer.pt,filter,3,-4.0,0.9842931937172775,376,382,0.8644633636936663,0.6130209658294916,2.0937211462296546,5.21129195112735,0.3302250049309805,146,3.1333333333333333,307904.9957798413,0.33681920904200524
11,memphis_osm,25,8.0,40.0,data/osm_cache,240,6,1440.0,hubs,5.0,0.4,0.4,90.0,15.0,hierarchical,5,30.0,60.0,,/Users/jose/Developer/git/hierarchical_coordination/outputs/learning/scorer.pt,stacked,5,-4.0,0.9607329842931938,367,382,0.5512685342496797,0.45362499076873064,1.1880111123900854,3.139292006380856,0.21058458008337766,221,3.058333333333333,310510.3195127492,0.21704345801845193
23,memphis_osm,25,8.0,40.0,data/osm_cache,60,6,1440.0,hubs,1.0,0.4,0.4,90.0,15.0,monolithic,5,30.0,60.0,,,rank,3,-2.0,0.944954128440367,103,109,2.0432587950105923,2.0110419718548656,3.6227249773219223,3.7156660109758377,0.22271520865615457,57,3.433333333333333,78113.1840203985,0.22776241705287248
23,memphis_osm,25,8.0,40.0,data/osm_cache,60,6,1440.0,hubs,1.0,0.4,0.4,90.0,15.0,monolithic,5,30.0,60.0,,/Users/jose/Developer/git/hierarchical_coordination/outputs/learning/scorer.pt,filter,3,-4.0,0.944954128440367,103,109,0.6861116869563083,0.4913749871775508,1.494874991476535,3.718583029694855,0.0747861738782376,58,3.433333333333333,78160.15456688218,0.07895112503319979
23,memphis_osm,25,8.0,40.0,data/osm_cache,60,6,1440.0,hubs,1.0,0.4,0.4,90.0,15.0,hierarchical,5,30.0,60.0,,,rank,3,-2.0,0.8623853211009175,94,109,0.5575110826111578,0.4295000107958913,1.3808920281007886,1.4819590141996741,0.0607687080046162,45,3.1333333333333333,77163.99714632548,0.06456979201175272
23,memphis_osm,25,8.0,40.0,data/osm_cache,60,6,1440.0,hubs,1.0,0.4,0.4,90.0,15.0,hierarchical,5,30.0,60.0,,/Users/jose/Developer/git/hierarchical_coordination/outputs/learning/scorer.pt,filter,3,-4.0,0.8623853211009175,94,109,0.3948214446801111,0.27650000993162394,1.580533618107438,1.668166951276362,0.04303553747013211,48,3.1333333333333333,77323.4135130433,0.04729887505527586
23,memphis_osm,25,8.0,40.0,data/osm_cache,60,6,1440.0,hubs,1.0,0.4,0.4,90.0,15.0,hierarchical,5,30.0,60.0,,/Users/jose/Developer/git/hierarchical_coordination/outputs/learning/scorer.pt,stacked,5,-4.0,0.8532110091743119,93,109,0.3291406292775902,0.2677090233191848,1.1645081918686628,1.2748329900205135,0.035876328591257334,59,3.1,77668.44206123044,0.04014483408536762
23,memphis_osm,25,8.0,40.0,data/osm_cache,60,6,1440.0,hubs,3.0,0.4,0.4,90.0,15.0,monolithic,5,30.0,60.0,,,rank,3,-2.0,0.5384615384615384,147,273,4.690829942927392,5.652540945447981,6.5480082063004375,7.03866605181247,1.280596574419178,60,4.9,78561.84510951185,1.2846438330598176
23,memphis_osm,25,8.0,40.0,data/osm_cache,60,6,1440.0,hubs,3.0,0.4,0.4,90.0,15.0,monolithic,5,30.0,60.0,,/Users/jose/Developer/git/hierarchical_coordination/outputs/learning/scorer.pt,filter,3,-4.0,0.5311355311355311,145,273,3.4508905535557,1.4996250392869115,6.745891249738634,7.033291971310973,0.9420931211207062,60,4.833333333333333,78505.36493210135,0.9468467920087278
23,memphis_osm,25,8.0,40.0,data/osm_cache,60,6,1440.0,hubs,3.0,0.4,0.4,90.0,15.0,hierarchical,5,30.0,60.0,,,rank,3,-2.0,0.6043956043956044,165,273,1.1998377638040008,1.1940409895032644,2.2064001765102144,2.543957903981209,0.3275557095184922,60,5.5,78610.2090989233,0.33190691703930497
23,memphis_osm,25,8.0,40.0,data/osm_cache,60,6,1440.0,hubs,3.0,0.4,0.4,90.0,15.0,hierarchical,5,30.0,60.0,,/Users/jose/Developer/git/hierarchical_coordination/outputs/learning/scorer.pt,filter,3,-4.0,0.6227106227106227,170,273,1.009409138489337,0.5527500761672854,2.7525329496711493,2.850916935130954,0.27556869480758905,60,5.666666666666667,78538.90070993385,0.2802582500735298
23,memphis_osm,25,8.0,40.0,data/osm_cache,60,6,1440.0,hubs,3.0,0.4,0.4,90.0,15.0,hierarchical,5,30.0,60.0,,/Users/jose/Developer/git/hierarchical_coordination/outputs/learning/scorer.pt,stacked,5,-4.0,0.5384615384615384,147,273,0.8591440652971303,0.664166989736259,1.7006164183840156,2.2984169190749526,0.23454632982611656,60,4.9,78298.45946751656,0.2391289999941364
23,memphis_osm,25,8.0,40.0,data/osm_cache,60,6,1440.0,hubs,5.0,0.4,0.4,90.0,15.0,monolithic,5,30.0,60.0,,,rank,3,-2.0,0.35267857142857145,158,448,6.3921608676277435,7.60945794172585,7.961037498898804,8.271500002592802,2.863688068697229,60,5.266666666666667,78620.14217641602,2.8684310419484973
23,memphis_osm,25,8.0,40.0,data/osm_cache,60,6,1440.0,hubs,5.0,0.4,0.4,90.0,15.0,monolithic,5,30.0,60.0,,/Users/jose/Developer/git/hierarchical_coordination/outputs/learning/scorer.pt,filter,3,-4.0,0.34598214285714285,155,448,5.431911289893573,7.800916442647576,8.123243838781491,8.596790954470634,2.4334962578723207,60,5.166666666666667,78609.98450068821,2.438804458011873
23,memphis_osm,25,8.0,40.0,data/osm_cache,60,6,1440.0,hubs,5.0,0.4,0.4,90.0,15.0,hierarchical,5,30.0,60.0,,,rank,3,-2.0,0.4330357142857143,194,448,2.6782644113804315,2.1856874809600413,6.009981333045289,6.136375013738871,1.1998624562984332,60,6.466666666666667,78587.0963492888,1.2045545410364866
23,memphis_osm,25,8.0,40.0,data/osm_cache,60,6,1440.0,hubs,5.0,0.4,0.4,90.0,15.0,hierarchical,5,30.0,60.0,,/Users/jose/Developer/git/hierarchical_coordination/outputs/learning/scorer.pt,filter,3,-4.0,0.421875,189,448,1.9871699272958463,1.7168544582091272,5.157826846698299,5.401332979090512,0.8902521274285391,60,6.3,78491.54746979162,0.8958988749654964
23,memphis_osm,25,8.0,40.0,data/osm_cache,60,6,1440.0,hubs,5.0,0.4,0.4,90.0,15.0,hierarchical,5,30.0,60.0,,/Users/jose/Developer/git/hierarchical_coordination/outputs/learning/scorer.pt,stacked,5,-4.0,0.3950892857142857,177,448,1.6119738393172156,1.4801040524616838,3.6617561243474483,3.9903749711811543,0.7221642800141126,60,5.9,78472.02569957437,0.7275819999631494
23,memphis_osm,25,8.0,40.0,data/osm_cache,120,6,1440.0,hubs,1.0,0.4,0.4,90.0,15.0,monolithic,5,30.0,60.0,,,rank,3,-2.0,0.944954128440367,103,109,2.3203520414017893,2.244457951746881,3.9752339944243427,4.195583052933216,0.25291837251279503,57,1.7166666666666666,152431.43045548478,0.2565794170368463
23,memphis_osm,25,8.0,40.0,data/osm_cache,120,6,1440.0,hubs,1.0,0.4,0.4,90.0,15.0,monolithic,5,30.0,60.0,,/Users/jose/Developer/git/hierarchical_coordination/outputs/learning/scorer.pt,filter,3,-4.0,0.944954128440367,103,109,1.125116627492489,0.9609999833628535,1.8275913549587128,4.030292038805783,0.12263771239668131,58,1.7166666666666666,152510.48649210454,0.12665525008924305
23,memphis_osm,25,8.0,40.0,data/osm_cache,120,6,1440.0,hubs,1.0,0.4,0.4,90.0,15.0,hierarchical,5,30.0,60.0,,,rank,3,-2.0,0.944954128440367,103,109,0.6612774941625945,0.4989580484107137,1.5473502455279227,1.6977500636130571,0.0720792468637228,51,1.7166666666666666,152088.5656248257,0.07673508301377296
23,memphis_osm,25,8.0,40.0,data/osm_cache,120,6,1440.0,hubs,1.0,0.4,0.4,90.0,15.0,hierarchical,5,30.0,60.0,,/Users/jose/Developer/git/hierarchical_coordination/outputs/learning/scorer.pt,filter,3,-4.0,0.944954128440367,103,109,0.4464464759830078,0.369583023712039,0.8980672573670739,1.6174160409718752,0.04866266588214785,55,1.7166666666666666,152256.2813745391,0.053912625066004694
23,memphis_osm,25,8.0,40.0,data/osm_cache,120,6,1440.0,hubs,1.0,0.4,0.4,90.0,15.0,hierarchical,5,30.0,60.0,,/Users/jose/Developer/git/hierarchical_coordination/outputs/learning/scorer.pt,stacked,5,-4.0,0.926605504587156,101,109,0.35998123321989806,0.2942909486591816,0.6363172316923734,1.3350410154089332,0.03923795442096889,72,1.6833333333333333,153126.6252820608,0.04436037503182888
23,memphis_osm,25,8.0,40.0,data/osm_cache,120,6,1440.0,hubs,3.0,0.4,0.4,90.0,15.0,monolithic,5,30.0,60.0,,,rank,3,-2.0,0.9523809523809523,260,273,5.545349994200135,5.638291942887008,9.487700019963086,10.027416981756687,1.5138805484166369,119,4.333333333333333,156727.54880174494,1.5179143330315128
23,memphis_osm,25,8.0,40.0,data/osm_cache,120,6,1440.0,hubs,3.0,0.4,0.4,90.0,15.0,monolithic,5,30.0,60.0,,/Users/jose/Developer/git/hierarchical_coordination/outputs/learning/scorer.pt,filter,3,-4.0,0.9487179487179487,259,273,1.4676318786212759,0.9921250166371465,3.9830500027164284,10.840000002644956,0.4006635028636083,120,4.316666666666666,156710.85398567637,0.40517758298665285
23,memphis_osm,25,8.0,40.0,data/osm_cache,120,6,1440.0,hubs,3.0,0.4,0.4,90.0,15.0,hierarchical,5,30.0,60.0,,,rank,3,-2.0,0.8827838827838828,241,273,1.4031348978561577,1.3245829613879323,2.9940171865746366,3.612500033341348,0.3830558271147311,96,4.016666666666667,155265.97005974417,0.38767266704235226
23,memphis_osm,25,8.0,40.0,data/osm_cache,120,6,1440.0,hubs,3.0,0.4,0.4,90.0,15.0,hierarchical,5,30.0,60.0,,/Users/jose/Developer/git/hierarchical_coordination/outputs/learning/scorer.pt,filter,3,-4.0,0.8864468864468864,242,273,0.6814016649267558,0.42695796582847834,1.8998168176040051,3.8872089935466647,0.18602265452500433,100,4.033333333333333,155258.8461733572,0.191332041984424
23,memphis_osm,25,8.0,40.0,data/osm_cache,120,6,1440.0,hubs,3.0,0.4,0.4,90.0,15.0,hierarchical,5,30.0,60.0,,/Users/jose/Developer/git/hierarchical_coordination/outputs/learning/scorer.pt,stacked,5,-4.0,0.8168498168498168,223,273,0.6701633323072678,0.3617920447140932,2.419508039020001,3.17199993878603,0.1829545897198841,120,3.716666666666667,156266.45966506566,0.18808195798192173
23,memphis_osm,25,8.0,40.0,data/osm_cache,120,6,1440.0,hubs,5.0,0.4,0.4,90.0,15.0,monolithic,5,30.0,60.0,,,rank,3,-2.0,0.6830357142857143,306,448,10.138063699611978,10.630562028381974,15.86409381707199,25.014584069140255,4.541852537426166,120,5.1,157052.3091594929,4.54679529205896
23,memphis_osm,25,8.0,40.0,data/osm_cache,120,6,1440.0,hubs,5.0,0.4,0.4,90.0,15.0,monolithic,5,30.0,60.0,,/Users/jose/Developer/git/hierarchical_coordination/outputs/learning/scorer.pt,filter,3,-4.0,0.6830357142857143,306,448,6.177454422088756,1.410270982887596,16.803357866592705,17.72233296651393,2.7674995810957626,120,5.1,157163.959091499,2.7734684590250254
23,memphis_osm,25,8.0,40.0,data/osm_cache,120,6,1440.0,hubs,5.0,0.4,0.4,90.0,15.0,hierarchical,5,30.0,60.0,,,rank,3,-2.0,0.7790178571428571,349,448,3.0548633424457097,2.5302079739049077,6.657368835294619,7.22833292093128,1.368578777415678,115,5.816666666666666,156621.8398100203,1.374187915935181
23,memphis_osm,25,8.0,40.0,data/osm_cache,120,6,1440.0,hubs,5.0,0.4,0.4,90.0,15.0,hierarchical,5,30.0,60.0,,/Users/jose/Developer/git/hierarchical_coordination/outputs/learning/scorer.pt,filter,3,-4.0,0.7522321428571429,337,448,1.765464297152773,0.7440210320055485,7.730878971051425,8.135208045132458,0.7909280051244423,116,5.616666666666666,156375.27201920084,0.7984606669051573
23,memphis_osm,25,8.0,40.0,data/osm_cache,120,6,1440.0,hubs,5.0,0.4,0.4,90.0,15.0,hierarchical,5,30.0,60.0,,/Users/jose/Developer/git/hierarchical_coordination/outputs/learning/scorer.pt,stacked,5,-4.0,0.6160714285714286,276,448,1.359670205472087,0.5413129692897201,4.684604349313304,5.495625082403421,0.609132252051495,120,4.6,156164.56054208233,0.614932999946177
23,memphis_osm,25,8.0,40.0,data/osm_cache,240,6,1440.0,hubs,1.0,0.4,0.4,90.0,15.0,monolithic,5,30.0,60.0,,,rank,3,-2.0,0.944954128440367,103,109,3.126458274499607,2.9835409950464964,4.991908255033195,5.219666054472327,0.3407839519204572,57,0.8583333333333333,301139.0990539051,0.3445866670226678
23,memphis_osm,25,8.0,40.0,data/osm_cache,240,6,1440.0,hubs,1.0,0.4,0.4,90.0,15.0,monolithic,5,30.0,60.0,,/Users/jose/Developer/git/hierarchical_coordination/outputs/learning/scorer.pt,filter,3,-4.0,0.944954128440367,103,109,2.064621204151473,1.931666978634894,2.7768248226493597,5.0455828895792365,0.22504371125251055,58,0.8583333333333333,301218.1550905249,0.2293977920198813
23,memphis_osm,25,8.0,40.0,data/osm_cache,240,6,1440.0,hubs,1.0,0.4,0.4,90.0,15.0,hierarchical,5,30.0,60.0,,,rank,3,-2.0,0.944954128440367,103,109,0.8466372345446036,0.7399159949272871,1.719242171384394,1.9878750899806619,0.0922834585653618,53,0.8583333333333333,301387.9758450573,0.10041075001936406
23,memphis_osm,25,8.0,40.0,data/osm_cache,240,6,1440.0,hubs,1.0,0.4,0.4,90.0,15.0,hierarchical,5,30.0,60.0,,/Users/jose/Developer/git/hierarchical_coordination/outputs/learning/scorer.pt,filter,3,-4.0,0.944954128440367,103,109,0.7435340058366093,0.6246670382097363,1.3576413737609982,1.868083025328815,0.08104520663619041,58,0.8583333333333333,301574.5312928932,0.0896974999923259
23,memphis_osm,25,8.0,40.0,data/osm_cache,240,6,1440.0,hubs,1.0,0.4,0.4,90.0,15.0,hierarchical,5,30.0,60.0,,/Users/jose/Developer/git/hierarchical_coordination/outputs/learning/scorer.pt,stacked,5,-4.0,0.944954128440367,103,109,0.5597889160634865,0.48116594552993774,0.9069833904504776,1.694333041086793,0.06101699185092002,75,0.8583333333333333,302635.7480898374,0.07030908297747374
23,memphis_osm,25,8.0,40.0,data/osm_cache,240,6,1440.0,hubs,3.0,0.4,0.4,90.0,15.0,monolithic,5,30.0,60.0,,,rank,3,-2.0,0.9523809523809523,260,273,6.430719277204011,6.429667002521455,10.41987515054643,10.780790937133133,1.755586362676695,120,2.1666666666666665,305550.30117011245,1.7602129579754546
23,memphis_osm,25,8.0,40.0,data/osm_cache,240,6,1440.0,hubs,3.0,0.4,0.4,90.0,15.0,monolithic,5,30.0,60.0,,/Users/jose/Developer/git/hierarchical_coordination/outputs/learning/scorer.pt,filter,3,-4.0,0.9523809523809523,260,273,2.2034929777860586,1.8749579321593046,3.3673420082777676,9.946041973307729,0.601553582935594,124,2.1666666666666665,305720.7326420007,0.6065005830023438
23,memphis_osm,25,8.0,40.0,data/osm_cache,240,6,1440.0,hubs,3.0,0.4,0.4,90.0,15.0,hierarchical,5,30.0,60.0,,,rank,3,-2.0,0.9523809523809523,260,273,1.5964416851845635,1.537624979391694,3.3228827640414234,4.183041979558766,0.43582858005538583,108,2.1666666666666665,304970.3156171484,0.44195100001525134
23,memphis_osm,25,8.0,40.0,data/osm_cache,240,6,1440.0,hubs,3.0,0.4,0.4,90.0,15.0,hierarchical,5,30.0,60.0,,/Users/jose/Developer/git/hierarchical_coordination/outputs/learning/scorer.pt,filter,3,-4.0,0.9523809523809523,260,273,0.7937461936900958,0.6872499361634254,1.6048165503889271,4.072917043231428,0.21669271087739617,115,2.1666666666666665,305055.85998315463,0.22332770808134228
23,memphis_osm,25,8.0,40.0,data/osm_cache,240,6,1440.0,hubs,3.0,0.4,0.4,90.0,15.0,hierarchical,5,30.0,60.0,,/Users/jose/Developer/git/hierarchical_coordination/outputs/learning/scorer.pt,stacked,5,-4.0,0.9523809523809523,260,273,0.5404398910489766,0.4701669095084071,0.8524500299245108,2.8818330029025674,0.1475400902563706,176,2.1666666666666665,308522.1364814708,0.16232150001451373
23,memphis_osm,25,8.0,40.0,data/osm_cache,240,6,1440.0,hubs,5.0,0.4,0.4,90.0,15.0,monolithic,5,30.0,60.0,,,rank,3,-2.0,0.9665178571428571,433,448,11.967817632466904,11.78360404446721,20.866782969096676,34.49266706593335,5.361582299345173,174,3.6083333333333334,309414.89532406675,5.366933749988675
23,memphis_osm,25,8.0,40.0,data/osm_cache,240,6,1440.0,hubs,5.0,0.4,0.4,90.0,15.0,monolithic,5,30.0,60.0,,/Users/jose/Developer/git/hierarchical_coordination/outputs/learning/scorer.pt,filter,3,-4.0,0.9665178571428571,433,448,2.462878337350308,1.9668954773806036,4.047393746441228,19.051834009587765,1.103369495132938,185,3.6083333333333334,310185.74490957736,1.1088745000306517
23,memphis_osm,25,8.0,40.0,data/osm_cache,240,6,1440.0,hubs,5.0,0.4,0.4,90.0,15.0,hierarchical,5,30.0,60.0,,,rank,3,-2.0,0.9665178571428571,433,448,3.3760850339084363,2.789666526950896,8.055437623988837,9.081374970264733,1.5124860951909795,159,3.6083333333333334,308286.1650635016,1.5198466670699418
23,memphis_osm,25,8.0,40.0,data/osm_cache,240,6,1440.0,hubs,5.0,0.4,0.4,90.0,15.0,hierarchical,5,30.0,60.0,,/Users/jose/Developer/git/hierarchical_coordination/outputs/learning/scorer.pt,filter,3,-4.0,0.9665178571428571,433,448,0.9595143216886625,0.7013330468907952,2.2170714859385043,8.83366703055799,0.42986241611652076,174,3.6083333333333334,308787.81314189296,0.43728691700380296
23,memphis_osm,25,8.0,40.0,data/osm_cache,240,6,1440.0,hubs,5.0,0.4,0.4,90.0,15.0,hierarchical,5,30.0,60.0,,/Users/jose/Developer/git/hierarchical_coordination/outputs/learning/scorer.pt,stacked,5,-4.0,0.9486607142857143,425,448,0.7427662673892753,0.5153130041435361,2.630435209721327,5.936749977990985,0.3327592877903953,231,3.5416666666666665,310975.75205095555,0.34006916696671396
37,memphis_osm,25,8.0,40.0,data/osm_cache,60,6,1440.0,hubs,1.0,0.4,0.4,90.0,15.0,monolithic,5,30.0,60.0,,,rank,3,-2.0,0.9354838709677419,58,62,1.2094671105695587,1.1521875276230276,2.229785366216674,2.447957987897098,0.07498696085531265,27,1.9333333333333333,76114.20129377567,0.08014058391563594
37,memphis_osm,25,8.0,40.0,data/osm_cache,60,6,1440.0,hubs,1.0,0.4,0.4,90.0,15.0,monolithic,5,30.0,60.0,,/Users/jose/Developer/git/hierarchical_coordination/outputs/learning/scorer.pt,filter,3,-4.0,0.9354838709677419,58,62,0.7037681061774492,0.6095835124142468,1.0999312391504643,2.1537920692935586,0.04363362258300185,28,1.9333333333333333,76165.28228005933,0.04778449994046241
37,memphis_osm,25,8.0,40.0,data/osm_cache,60,6,1440.0,hubs,1.0,0.4,0.4,90.0,15.0,hierarchical,5,30.0,60.0,,,rank,3,-2.0,0.9354838709677419,58,62,0.2759570282162918,0.24260400095954537,0.5493951786775141,0.9536249563097954,0.017109335749410093,28,1.9333333333333333,76059.32545445027,0.02065054210834205
37,memphis_osm,25,8.0,40.0,data/osm_cache,60,6,1440.0,hubs,1.0,0.4,0.4,90.0,15.0,hierarchical,5,30.0,60.0,,/Users/jose/Developer/git/hierarchical_coordination/outputs/learning/scorer.pt,filter,3,-4.0,0.9354838709677419,58,62,0.24329295058945014,0.21233304869383574,0.44030836434103543,0.6214590976014733,0.015084162936545908,30,1.9333333333333333,76140.31279647877,0.019182541989721358
37,memphis_osm,25,8.0,40.0,data/osm_cache,60,6,1440.0,hubs,1.0,0.4,0.4,90.0,15.0,hierarchical,5,30.0,60.0,,/Users/jose/Developer/git/hierarchical_coordination/outputs/learning/scorer.pt,stacked,5,-4.0,0.9032258064516129,56,62,0.20911020504671238,0.19987497944384813,0.29520769603550423,0.4045000532642007,0.012964832712896168,41,1.8666666666666667,76371.94995035666,0.016786959022283554
37,memphis_osm,25,8.0,40.0,data/osm_cache,60,6,1440.0,hubs,3.0,0.4,0.4,90.0,15.0,monolithic,5,30.0,60.0,,,rank,3,-2.0,0.6621621621621622,147,222,4.362818701633227,4.83839598018676,6.7884250020142645,6.996916956268251,0.9685457517625764,60,4.9,78440.18513829076,0.9724642920773476
37,memphis_osm,25,8.0,40.0,data/osm_cache,60,6,1440.0,hubs,3.0,0.4,0.4,90.0,15.0,monolithic,5,30.0,60.0,,/Users/jose/Developer/git/hierarchical_coordination/outputs/learning/scorer.pt,filter,3,-4.0,0.7117117117117117,158,222,3.1294707273896614,1.0115830227732658,9.021304443012923,9.889875072985888,0.6947425014805049,60,5.266666666666667,78405.33216270688,0.7003140409942716
37,memphis_osm,25,8.0,40.0,data/osm_cache,60,6,1440.0,hubs,3.0,0.4,0.4,90.0,15.0,hierarchical,5,30.0,60.0,,,rank,3,-2.0,0.7657657657657657,170,222,1.427101562332429,1.203541993163526,3.2087541359942406,3.5854169400408864,0.31681654683779925,60,5.666666666666667,78167.64457296593,0.32117016601841897
37,memphis_osm,25,8.0,40.0,data/osm_cache,60,6,1440.0,hubs,3.0,0.4,0.4,90.0,15.0,hierarchical,5,30.0,60.0,,/Users/jose/Developer/git/hierarchical_coordination/outputs/learning/scorer.pt,filter,3,-4.0,0.7522522522522522,167,222,0.8069217668611322,0.4407289670780301,2.7095006953459224,3.1967919785529375,0.17913663224317133,60,5.566666666666666,78128.99693587467,0.18401054106652737
37,memphis_osm,25,8.0,40.0,data/osm_cache,60,6,1440.0,hubs,3.0,0.4,0.4,90.0,15.0,hierarchical,5,30.0,60.0,,/Users/jose/Developer/git/hierarchical_coordination/outputs/learning/scorer.pt,stacked,5,-4.0,0.6801801801801802,151,222,0.7803081319801644,0.412416469771415,2.592791768256575,2.793750027194619,0.1732284052995965,60,5.033333333333333,78019.44204091506,0.17786250007338822
37,memphis_osm,25,8.0,40.0,data/osm_cache,60,6,1440.0,hubs,5.0,0.4,0.4,90.0,15.0,monolithic,5,30.0,60.0,,,rank,3,-2.0,0.4935064935064935,190,385,8.729210683725194,11.038416065275669,11.977508058771491,12.235207948833704,3.3607461132341996,60,6.333333333333333,78602.34151781829,3.365314874914475
37,memphis_osm,25,8.0,40.0,data/osm_cache,60,6,1440.0,hubs,5.0,0.4,0.4,90.0,15.0,monolithic,5,30.0,60.0,,/Users/jose/Developer/git/hierarchical_coordination/outputs/learning/scorer.pt,filter,3,-4.0,0.4675324675324675,180,385,6.211276301303758,9.796208003535867,11.015191581100225,11.94808294530958,2.3913413760019466,60,6.0,78473.18982641777,2.396636917022988
37,memphis_osm,25,8.0,40.0,data/osm_cache,60,6,1440.0,hubs,5.0,0.4,0.4,90.0,15.0,hierarchical,5,30.0,60.0,,,rank,3,-2.0,0.548051948051948,211,385,2.3619692824031047,1.815000083297491,4.60374103859067,5.144665949046612,0.9093581737251952,60,7.033333333333333,78586.05346023469,0.9144560410641134
37,memphis_osm,25,8.0,40.0,data/osm_cache,60,6,1440.0,hubs,5.0,0.4,0.4,90.0,15.0,hierarchical,5,30.0,60.0,,/Users/jose/Developer/git/hierarchical_coordination/outputs/learning/scorer.pt,filter,3,-4.0,0.5402597402597402,208,385,1.7590043156153776,1.3197079533711076,4.309941758401692,4.546583048067987,0.6772166615119204,60,6.933333333333334,78534.28330947003,0.6835846659960225
37,memphis_osm,25,8.0,40.0,data/osm_cache,60,6,1440.0,hubs,5.0,0.4,0.4,90.0,15.0,hierarchical,5,30.0,60.0,,/Users/jose/Developer/git/hierarchical_coordination/outputs/learning/scorer.pt,stacked,5,-4.0,0.5116883116883116,197,385,1.6364718457780683,1.128832926042378,3.774857940152287,4.367541987448931,0.6300416606245562,60,6.566666666666666,78254.23959499637,0.6349768330110237
37,memphis_osm,25,8.0,40.0,data/osm_cache,120,6,1440.0,hubs,1.0,0.4,0.4,90.0,15.0,monolithic,5,30.0,60.0,,,rank,3,-2.0,0.9354838709677419,58,62,1.4703272702923464,1.3718329719267786,2.44319406338036,2.71612498909235,0.09116029075812548,27,0.9666666666666667,150496.0948406238,0.09458829101640731
37,memphis_osm,25,8.0,40.0,data/osm_cache,120,6,1440.0,hubs,1.0,0.4,0.4,90.0,15.0,monolithic,5,30.0,60.0,,/Users/jose/Developer/git/hierarchical_coordination/outputs/learning/scorer.pt,filter,3,-4.0,0.9354838709677419,58,62,1.106481783227214,1.0409790556877851,1.537249411921948,2.4355000350624323,0.06860187056008726,28,0.9666666666666667,150547.17582690745,0.0725559591082856
37,memphis_osm,25,8.0,40.0,data/osm_cache,120,6,1440.0,hubs,1.0,0.4,0.4,90.0,15.0,hierarchical,5,30.0,60.0,,,rank,3,-2.0,0.9354838709677419,58,62,0.34089113074925637,0.3177500329911709,0.6162440986372528,0.9680000366643071,0.021135250106453896,28,0.9666666666666667,150669.8636800865,0.025172417052090168
37,memphis_osm,25,8.0,40.0,data/osm_cache,120,6,1440.0,hubs,1.0,0.4,0.4,90.0,15.0,hierarchical,5,30.0,60.0,,/Users/jose/Developer/git/hierarchical_coordination/outputs/learning/scorer.pt,filter,3,-4.0,0.9354838709677419,58,62,0.3438547813153315,0.3134789876639843,0.5623646196909248,0.7683329749852419,0.021318996441550553,31,0.9666666666666667,150719.6362900931,0.025666250032372773
37,memphis_osm,25,8.0,40.0,data/osm_cache,120,6,1440.0,hubs,1.0,0.4,0.4,90.0,15.0,hierarchical,5,30.0,60.0,,/Users/jose/Developer/git/hierarchical_coordination/outputs/learning/scorer.pt,stacked,5,-4.0,0.9354838709677419,58,62,0.2705550737558834,0.2657290315255523,0.34258366213180125,0.3820420242846012,0.01677441457286477,43,0.9666666666666667,151182.60396414853,0.021087249973788857
37,memphis_osm,25,8.0,40.0,data/osm_cache,120,6,1440.0,hubs,3.0,0.4,0.4,90.0,15.0,monolithic,5,30.0,60.0,,,rank,3,-2.0,0.9234234234234234,205,222,4.875934070819435,5.065082979854196,8.64779339171946,9.409749996848404,1.0824573637219146,83,3.4166666666666665,154442.26204698344,1.086431665928103
37,memphis_osm,25,8.0,40.0,data/osm_cache,120,6,1440.0,hubs,3.0,0.4,0.4,90.0,15.0,monolithic,5,30.0,60.0,,/Users/jose/Developer/git/hierarchical_coordination/outputs/learning/scorer.pt,filter,3,-4.0,0.9234234234234234,205,222,1.636920973494951,1.1020624660886824,5.973506206646559,9.97029198333621,0.3633964561158791,86,3.4166666666666665,154465.54675080028,0.3679590829415247
37,memphis_osm,25,8.0,40.0,data/osm_cache,120,6,1440.0,hubs,3.0,0.4,0.4,90.0,15.0,hierarchical,5,30.0,60.0,,,rank,3,-2.0,0.9234234234234234,205,222,1.5034718808155876,1.3912295107729733,3.1107103743124753,3.3963749883696437,0.33377075754106045,74,3.4166666666666665,153494.4812941764,0.3382943330798298
37,memphis_osm,25,8.0,40.0,data/osm_cache,120,6,1440.0,hubs,3.0,0.4,0.4,90.0,15.0,hierarchical,5,30.0,60.0,,/Users/jose/Developer/git/hierarchical_coordination/outputs/learning/scorer.pt,filter,3,-4.0,0.9144144144144144,203,222,0.5771694248668044,0.38604147266596556,1.6506958520039914,2.817999920807779,0.12813161232043058,82,3.3833333333333333,153840.67941007987,0.13321274996269494
37,memphis_osm,25,8.0,40.0,data/osm_cache,120,6,1440.0,hubs,3.0,0.4,0.4,90.0,15.0,hierarchical,5,30.0,60.0,,/Users/jose/Developer/git/hierarchical_coordination/outputs/learning/scorer.pt,stacked,5,-4.0,0.8738738738738738,194,222,0.44619422332543107,0.33572898246347904,1.2458311859518283,1.9948749104514718,0.0990551175782457,111,3.2333333333333334,154934.88743106904,0.10403537505771965
37,memphis_osm,25,8.0,40.0,data/osm_cache,120,6,1440.0,hubs,5.0,0.4,0.4,90.0,15.0,monolithic,5,30.0,60.0,,,rank,3,-2.0,0.922077922077922,355,385,10.711014480027673,10.632583987899125,19.240391557104875,20.42925008572638,4.123740574810654,120,5.916666666666667,157156.3183825013,4.12831208400894
37,memphis_osm,25,8.0,40.0,data/osm_cache,120,6,1440.0,hubs,5.0,0.4,0.4,90.0,15.0,monolithic,5,30.0,60.0,,/Users/jose/Developer/git/hierarchical_coordination/outputs/learning/scorer.pt,filter,3,-4.0,0.8675324675324675,334,385,3.6428548797795717,1.3996249763295054,17.96181639656424,18.40508298482746,1.4024991287151352,120,5.566666666666666,156942.7063572826,1.407599875004962
37,memphis_osm,25,8.0,40.0,data/osm_cache,120,6,1440.0,hubs,5.0,0.4,0.4,90.0,15.0,hierarchical,5,30.0,60.0,,,rank,3,-2.0,0.9168831168831169,353,385,2.7104306285717077,2.265874994918704,6.014925148338077,6.8666249280795455,1.0435157920001075,107,5.883333333333334,156083.51782395624,1.0482660830020905
37,memphis_osm,25,8.0,40.0,data/osm_cache,120,6,1440.0,hubs,5.0,0.4,0.4,90.0,15.0,hierarchical,5,30.0,60.0,,/Users/jose/Developer/git/hierarchical_coordination/outputs/learning/scorer.pt,filter,3,-4.0,0.9142857142857143,352,385,0.9877215320994328,0.5873750196769834,2.617358020506795,7.0940000005066395,0.3802727898582816,109,5.866666666666666,156071.9845734456,0.3855566249694675
37,memphis_osm,25,8.0,40.0,data/osm_cache,120,6,1440.0,hubs,5.0,0.4,0.4,90.0,15.0,hierarchical,5,30.0,60.0,,/Users/jose/Developer/git/hierarchical_coordination/outputs/learning/scorer.pt,stacked,5,-4.0,0.7506493506493507,289,385,1.0584041276680571,0.41550002060830593,4.0322247426956865,4.7221670392900705,0.407485589152202,120,4.816666666666666,155718.708091729,0.4128175410442054
37,memphis_osm,25,8.0,40.0,data/osm_cache,240,6,1440.0,hubs,1.0,0.4,0.4,90.0,15.0,monolithic,5,30.0,60.0,,,rank,3,-2.0,0.9354838709677419,58,62,2.0695706123426074,1.944020506925881,3.0860353377647693,3.3492500660941005,0.12831337796524167,27,0.48333333333333334,299259.88193432003,0.1317764170235023
37,memphis_osm,25,8.0,40.0,data/osm_cache,240,6,1440.0,hubs,1.0,0.4,0.4,90.0,15.0,monolithic,5,30.0,60.0,,/Users/jose/Developer/git/hierarchical_coordination/outputs/learning/scorer.pt,filter,3,-4.0,0.9354838709677419,58,62,1.9675678603591458,1.9358335412107408,2.402602788060903,3.077290952205658,0.12198920734226704,28,0.48333333333333334,299310.9629206037,0.12592958298046142
37,memphis_osm,25,8.0,40.0,data/osm_cache,240,6,1440.0,hubs,1.0,0.4,0.4,90.0,15.0,hierarchical,5,30.0,60.0,,,rank,3,-2.0,0.9354838709677419,58,62,0.48297719143691564,0.4696875112131238,0.7666127639822661,1.1161660077050328,0.02994458586908877,30,0.48333333333333334,299954.2420042833,0.035919542075134814
37,memphis_osm,25,8.0,40.0,data/osm_cache,240,6,1440.0,hubs,1.0,0.4,0.4,90.0,15.0,hierarchical,5,30.0,60.0,,/Users/jose/Developer/git/hierarchical_coordination/outputs/learning/scorer.pt,filter,3,-4.0,0.9354838709677419,58,62,0.5512842514191664,0.5353540182113647,0.8240329741965978,0.9817499667406082,0.03417962358798832,32,0.48333333333333334,300034.0917796228,0.040482375072315335
37,memphis_osm,25,8.0,40.0,data/osm_cache,240,6,1440.0,hubs,1.0,0.4,0.4,90.0,15.0,hierarchical,5,30.0,60.0,,/Users/jose/Developer/git/hierarchical_coordination/outputs/learning/scorer.pt,stacked,5,-4.0,0.9354838709677419,58,62,0.39602356076601053,0.394708476960659,0.5072847474366426,0.5453750491142273,0.024553460767492652,43,0.48333333333333334,300535.4082783416,0.030779249966144562
37,memphis_osm,25,8.0,40.0,data/osm_cache,240,6,1440.0,hubs,3.0,0.4,0.4,90.0,15.0,monolithic,5,30.0,60.0,,,rank,3,-2.0,0.9234234234234234,205,222,5.485882172948337,5.686999997124076,9.239963052095845,10.177333024330437,1.2178658423945308,83,1.7083333333333333,303237.3260649757,1.2217874580528587
37,memphis_osm,25,8.0,40.0,data/osm_cache,240,6,1440.0,hubs,3.0,0.4,0.4,90.0,15.0,monolithic,5,30.0,60.0,,/Users/jose/Developer/git/hierarchical_coordination/outputs/learning/scorer.pt,filter,3,-4.0,0.9234234234234234,205,222,2.513703845571391,2.024104062002152,6.778093730099494,10.64883393701166,0.5580422537168488,86,1.7083333333333333,303260.61076879257,0.5627995829563588
37,memphis_osm,25,8.0,40.0,data/osm_cache,240,6,1440.0,hubs,3.0,0.4,0.4,90.0,15.0,hierarchical,5,30.0,60.0,,,rank,3,-2.0,0.9234234234234234,205,222,1.6719857561150313,1.6001249896362424,3.3331757062114775,3.6471670027822256,0.37118083785753697,72,1.7083333333333333,302477.5296747169,0.3776816250756383
37,memphis_osm,25,8.0,40.0,data/osm_cache,240,6,1440.0,hubs,3.0,0.4,0.4,90.0,15.0,hierarchical,5,30.0,60.0,,/Users/jose/Developer/git/hierarchical_coordination/outputs/learning/scorer.pt,filter,3,-4.0,0.9234234234234234,205,222,0.7956360245484289,0.6719169905409217,1.9072812399826937,3.2795839942991734,0.1766311974497512,83,1.7083333333333333,302943.67958706844,0.18346316704992205
37,memphis_osm,25,8.0,40.0,data/osm_cache,240,6,1440.0,hubs,3.0,0.4,0.4,90.0,15.0,hierarchical,5,30.0,60.0,,/Users/jose/Developer/git/hierarchical_coordination/outputs/learning/scorer.pt,stacked,5,-4.0,0.9234234234234234,205,222,0.5250726690146703,0.43718755478039384,1.3181006186641708,2.2451250115409493,0.1165661325212568,136,1.7083333333333333,305665.3856102634,0.12331508402712643
37,memphis_osm,25,8.0,40.0,data/osm_cache,240,6,1440.0,hubs,5.0,0.4,0.4,90.0,15.0,monolithic,5,30.0,60.0,,,rank,3,-2.0,0.9428571428571428,363,385,11.349628464766331,10.863333009183407,20.131132821552455,20.954458974301815,4.369606958935037,129,3.025,306459.5776900268,4.374343583011068
37,memphis_osm,25,8.0,40.0,data/osm_cache,240,6,1440.0,hubs,5.0,0.4,0.4,90.0,15.0,monolithic,5,30.0,60.0,,/Users/jose/Developer/git/hierarchical_coordination/outputs/learning/scorer.pt,filter,3,-4.0,0.9428571428571428,363,385,2.9607796346067223,2.1510840160772204,7.122941478155533,19.98933299910277,1.139900159323588,137,3.025,306616.78360836924,1.1449271659366786
37,memphis_osm,25,8.0,40.0,data/osm_cache,240,6,1440.0,hubs,5.0,0.4,0.4,90.0,15.0,hierarchical,5,30.0,60.0,,,rank,3,-2.0,0.9428571428571428,363,385,2.9118644034296466,2.481832983903587,6.332974997349083,7.877958007156849,1.121067795320414,109,3.025,304752.44198846736,1.1267761670751497
37,memphis_osm,25,8.0,40.0,data/osm_cache,240,6,1440.0,hubs,5.0,0.4,0.4,90.0,15.0,hierarchical,5,30.0,60.0,,/Users/jose/Developer/git/hierarchical_coordination/outputs/learning/scorer.pt,filter,3,-4.0,0.9428571428571428,363,385,1.0413724040104584,0.7614589994773269,2.530283248052001,6.609292002394795,0.4009283755440265,116,3.025,304953.7411764642,0.40758020896464586
37,memphis_osm,25,8.0,40.0,data/osm_cache,240,6,1440.0,hubs,5.0,0.4,0.4,90.0,15.0,hierarchical,5,30.0,60.0,,/Users/jose/Developer/git/hierarchical_coordination/outputs/learning/scorer.pt,stacked,5,-4.0,0.9428571428571428,363,385,0.5741921301882762,0.48991700168699026,1.3401165837421956,3.158707986585796,0.22106397012248635,209,3.025,308693.2342842312,0.22728833404835314
